News#,Title Content,Match,Score,Polarity
1,"advanced magnetics admg in agreement","advanced",1,POSITIVE
2,"health research files for bankruptcy","",0,NEUTRAL
3,"numerex corp nmrx 2nd qtr jan 31 loss","loss",-1,NEGATIVE
4,"u.s. selling 12.8 billion dlrs of 3 and 6-mo bills march 30 to pay down 1.2 billion dlrs
","",0,NEUTRAL
5,"u.s. 2-year note average yield 6.43 pct stop 6.44 pct awarded at high yield 85 pct
","awarded",1,POSITIVE
6,"commodore cbu atari in settlement","",0,NEUTRAL
7,"baldrige supports nic talks on currencies","supports",1,POSITIVE
8,"triangle tri begins exchange offer","",0,NEUTRAL
9,"southmark sm unit in public offering of stock","",0,NEUTRAL
10,"eastman kodak co to sell holdings in icn pharmaceuticals and viratek inc
","",0,NEUTRAL
11,"feud persists at u.s. house budget committtee","",0,NEUTRAL
12,"treasury balances at fed rose on march 23","",0,NEUTRAL
13,"farm credit system seen needing 800 mln dlrs aid","",0,NEUTRAL
14,"usx x uss unit raises prices","",0,NEUTRAL
15,"unionist urges retaliation against japan","",0,NEUTRAL
16,"exxon (xon) gets 99.2 mln dlr contract","",0,NEUTRAL
17,"eaton (etn) gets 53.0 mln dlr contract","",0,NEUTRAL
18,"zaire authorized to buy pl 480 rice - usda","",0,NEUTRAL
19,"mcdonnell douglas gets 30.6 mln dlr contract","",0,NEUTRAL
20,"midivest acquires assets of business aviation","",0,NEUTRAL
21,"u.s. wheat credits for jordan switched","",0,NEUTRAL
22,"dollar expected to fall despite intervention","fall",-1,NEGATIVE
23,"u.s. to sell 12.8 billion dlrs in bills","",0,NEUTRAL
24,"inland steel iad to build new plant in indiana","",0,NEUTRAL
25,"eastman kodak ek to sell holdings","",0,NEUTRAL
26,"guinness sues boesky in federal court","sues",-1,NEGATIVE
27,"firm reduces sceptre resources srl holdings","",0,NEUTRAL
28,"gencorp board withdraws proposals to stagger directors terms
","",0,NEUTRAL
29,"acklands ltd 1st qtr feb 28 net","",0,NEUTRAL
30,"bull and bear group a bnbga cuts fund payouts","bull, a",0,NEUTRAL
31,"caltex to raise bahrain oil product prices","",0,NEUTRAL
32,"charter co qchr to complete reorganization","",0,NEUTRAL
33,"nashua nsh to purchase private disc maker","",0,NEUTRAL
34,"altron inc alrn 4th qtr jan 3","",0,NEUTRAL
35,"collins foods cf moves up warrant conversion","",0,NEUTRAL
36,"gencorp gy proposals withdrawn from meeting","",0,NEUTRAL
37,"weekly electric output up 2.4 pct from 1986","",0,NEUTRAL
38,"monolithic mmic to drop gate array line","",0,NEUTRAL
39,"api says distillate stocks off 4.07 mln bbls gasoline off 2.69 mln crude up 8.53 mln
","crude",-1,NEGATIVE
40,"vermont financial services vfsc sets payout","",0,NEUTRAL
41,"resorts international gets buyout proposal from ksz co inc
","",0,NEUTRAL
42,"vr business brokers expands operations","",0,NEUTRAL
43,"corrected - att t forms computer sales groups","",0,NEUTRAL
44,"great atlantic and pacific tea co inc gap div","great",1,POSITIVE
45,"gartner group gart acquires comtec program","",0,NEUTRAL
46,"u.s. car sales down 3.9 pct in mid-march","",0,NEUTRAL
47,"resorts int'l rt.a receives takeover offer","",0,NEUTRAL
48,"citicorp cci sees doubling in retail bank net","",0,NEUTRAL
49,"wd-40 co wdfc 2nd qtr feb 28 net","",0,NEUTRAL
50,"nasd to begin search for new president","",0,NEUTRAL
51,"brazil computer market to remain closed-minister","",0,NEUTRAL
52,"metalbanc in offering","",0,NEUTRAL
53,"northern indiana public svc ni again omits div","",0,NEUTRAL
54,"fed's johnson says dollar stabilized after fed took appropriate action
","appropriate",1,POSITIVE
55,"fed chairman volcker says bank proposals a worry","a, worry",0,NEUTRAL
56,"borman's inc brf declares qtly dividend","",0,NEUTRAL
57,"interleukin-2 ilto details warrant conversion","",0,NEUTRAL
58,"u.s. corn acreage seen near record low","",0,NEUTRAL
59,"kirschner kmdc completes purchase","",0,NEUTRAL
60,"u.s. senators seek to expand usda export bonus","bonus",1,POSITIVE
61,"fed's johnson says fed acted to stabilize dollar","stabilize",1,POSITIVE
62,"xoma xoma files for public offering","",0,NEUTRAL
63,"republic american rawc plans exchange offer","",0,NEUTRAL
64,"maryland national mdnt sees new name","",0,NEUTRAL
65,"venezuela to annouce partner for coal venture","",0,NEUTRAL
66,"gottschalks inc got 4th qtr net","",0,NEUTRAL
67,"borg-warner says it discussed possible takeover with irwin jacobs
","",0,NEUTRAL
68,"cyclops corp says cyacq's amended offer restates original conditions
","",0,NEUTRAL
69,"u.s. sugar quota may be eased congressman says","eased",1,POSITIVE
70,"mobil mob unit names group president","",0,NEUTRAL
71,"sony sne to ship sample optical disks","",0,NEUTRAL
72,"california microwave cmic takes 3rd qtr charge","",0,NEUTRAL
73,"crs sirrine plans major restructuring write off of up 43 mln dlrs
","restructuring",1,POSITIVE
74,"h.f. ahmanson and co ahm qtly dividend","",0,NEUTRAL
75,"borg-warner bor tells of talks with jacobs","",0,NEUTRAL
76,"canada vows to fight u.s. potash action","",0,NEUTRAL
77,"trintoc union carbide to build methanol plant","",0,NEUTRAL
78,"ormand industries omd unit to repay debt","debt",-1,NEGATIVE
79,"volcker calls dollar slide enough","enough",1,POSITIVE
80,"nasdaq march short interest was 184.9 mln shrs vs 215.7 mln shares in february
","",0,NEUTRAL
81,"rb industries rbi completes store sales","",0,NEUTRAL
82,"travelers tic unit sells mortgage certificates","",0,NEUTRAL
83,"nasdaq short interest in march falls","falls",-1,NEGATIVE
84,"goldman sachs sells signet sbk unit notes","",0,NEUTRAL
85,"nms pharmaceutical nmsi sets new blood test","",0,NEUTRAL
86,"american can ac sells convertible eurobonds","",0,NEUTRAL
87,"gencorp gy takeover group cancels hearing","",0,NEUTRAL
88,"gencorp gy fixes rights separation date","",0,NEUTRAL
89,"canada energy minister to make statement","",0,NEUTRAL
90,"american international aig sells african unit","",0,NEUTRAL
91,"oxford industries inc oxm 3rd qtr feb 27","",0,NEUTRAL
92,"union takes american airlines to court","",0,NEUTRAL
93,"portugal may have purchased u.s. corn","",0,NEUTRAL
94,"taiwan tendering thursday for u.s. corn","",0,NEUTRAL
95,"sri lanka tendering overnight for wheat","",0,NEUTRAL
96,"brazil announces new planning minister","",0,NEUTRAL
97,"digigraphic systems corp 4th qtr oper loss","loss",-1,NEGATIVE
98,"bayou byou in definitie merger agreement","",0,NEUTRAL
99,"apache apa files for 100 mln dlr offering","",0,NEUTRAL
100,"transcontinental tgp files new offer","",0,NEUTRAL
101,"computer identics corp cidn 4th qtr","",0,NEUTRAL
102,"fleet to acquire assets of mark iv iv unit","",0,NEUTRAL
103,"mikron instrument co mikr 1st qtr jan 31","",0,NEUTRAL
104,"golden north has encouraging drill results","golden, encouraging",2,POSITIVE
105,"unisys uis gets order from sweden","",0,NEUTRAL
106,"hawkeye hwkb issues preference stock","issues",-1,NEGATIVE
107,"austn feb annual m3 money supply rises 11.2 pct","",0,NEUTRAL
108,"ps group psg usair u move up deadline","",0,NEUTRAL
109,"tandon tcor says sears s still customer","",0,NEUTRAL
110,"mergers public offers seen among car dealers","",0,NEUTRAL
111,"comprehensive care corp cmph 3rd qtr net","comprehensive",1,POSITIVE
112,"chapman chpn in restructuring","restructuring",1,POSITIVE
113,"vestar inc vstr year loss","loss",-1,NEGATIVE
114,"univation inc univ expands europe distribution","",0,NEUTRAL
115,"sterling bancorp year net","",0,NEUTRAL
116,"first new hampshire banks inc div","",0,NEUTRAL
117,"house of fabrics hf quarterly dividend","",0,NEUTRAL
118,"bank of japan bought 200 to 300 mln dlrs this morning dealers said.
","",0,NEUTRAL
119,"miami-brazil and bank advisory committee agree to 60-day extension on credit lines
","",0,NEUTRAL
120,"japan buys modest amount of dollars dealers say","modest",1,POSITIVE
121,"miami-brazil says it expects to make no interest payments before march 31
","",0,NEUTRAL
122,"corrected-miami-brazil bank committee will transmit request for 60-day credit extension
","",0,NEUTRAL
123,"brazil/bank committee agree on credit request","",0,NEUTRAL
124,"japan's 1986/87 sugar cane output seen falling","falling",-1,NEGATIVE
125,"indian rocket launch fails","fails",-1,NEGATIVE
126,"australia's opposition party gaining popularity","opposition, gaining",0,NEUTRAL
127,"weeks petroleum ltd wpma.mel calendar 1986","",0,NEUTRAL
128,"bank of japan keeps intervening to hold dollar above 149 yen brokers
","",0,NEUTRAL
129,"japan intervening to keep dollar up brokers","",0,NEUTRAL
130,"bell group issuing 200 mln in convertible bonds","",0,NEUTRAL
131,"current exchange rates almost within levels agreed by major nations - sumita
","",0,NEUTRAL
132,"sumita says major nations cooperated to stabilise currencies.
","",0,NEUTRAL
133,"thailand's foreign reserves fall in february","fall",-1,NEGATIVE
134,"exchange rates almost within g-6 levels - sumita","",0,NEUTRAL
135,"n.z. trade surplus 119.1 mln dlrs in february","",0,NEUTRAL
136,"matsushita to issue 200 billion yen convertible","issue",-1,NEGATIVE
137,"sumita says bank of japan has no intention of lowering its discount rate
","",0,NEUTRAL
138,"japan does not intend to cut discount rate-sumita","",0,NEUTRAL
139,"jardine matheson profits seen up sharply in 1986","sharply",-1,NEGATIVE
140,"hu yaobang appears at china parliamentary session","",0,NEUTRAL
141,"foreign brokers get more access to japanese bonds","",0,NEUTRAL
142,"china's first joint venture bank reports profit","",0,NEUTRAL
143,"bangladesh's payments deficit narrows in october","",0,NEUTRAL
144,"peking faces water rationing","",0,NEUTRAL
145,"u.s.-china cigarette filter joint venture set up","",0,NEUTRAL
146,"two japanese steelmakers to cut capital spending","",0,NEUTRAL
147,"nissan affiliate to acquire u.s. autoparts maker","",0,NEUTRAL
148,"dutch state launches new eight year bullet at 6-1/4 pct - official
","",0,NEUTRAL
149,"yen may rise to 140 to the dollar nikkeiren says","",0,NEUTRAL
150,"singapore securities market considering changes","",0,NEUTRAL
151,"new dutch bullet state loan at 6-1/4 pct due 1995","",0,NEUTRAL
152," brussels - ferruzzi says it will pay 630 mln dlrs to cpc international for european mills.
","",0,NEUTRAL
153,"vietnam to resettle 300000 on state farms in 1987","",0,NEUTRAL
154,"ec ministers fail to end deadlock on research plan","fail, deadlock",-2,NEGATIVE
155,"madagascar extends amoco oil exploration agreement","",0,NEUTRAL
156,"ferruzzi deal with cpc worth 630 mln dlrs","worth",1,POSITIVE
157,"airlines can increase hong kong/manila flights","",0,NEUTRAL
158,"swire pacific ltd swpc.hkg year 1986","",0,NEUTRAL
159,"bat industries 1986 pretax profit 1.39 billion stg vs 1.17 billion
","",0,NEUTRAL
160,"bat industries plc bti.l 1986 year","",0,NEUTRAL
161,"swire plans bonus issue on higher 1986 profits","bonus, issue",0,NEUTRAL
162,"japan trade ministry asks trade houses exporters to reduce dlr sales sources
","",0,NEUTRAL
163,"sri lankan government to stop importing sugar","",0,NEUTRAL
164,"new dutch special advances total 4.2 billion","",0,NEUTRAL
165,"danish february consumer prices fall 0.1 pct","fall",-1,NEGATIVE
166,"japan asks traders exporters to cut dollar sales","",0,NEUTRAL
167,"bank of japan to sell 300 billion yen in bills","",0,NEUTRAL
168,"abbey national has one billion dlr euro cd pact","",0,NEUTRAL
169,"enserch issues 100 mln dlr convertible bond","issues",-1,NEGATIVE
170,"middle east currency market sees key changes","",0,NEUTRAL
171,"belgolux trade swings into january deficit","",0,NEUTRAL
172,"guinness seeks u.k. injunction against saunders","",0,NEUTRAL
173,"citibank launches currency warrants","",0,NEUTRAL
174,"malaysia's foreign borrowing held at 1986 level","",0,NEUTRAL
175,"basf u.s. profitturnover boosted by acquisitions","",0,NEUTRAL
176,"swiss bank net foreign assests up in 4th quarter","",0,NEUTRAL
177,"bicc plc bicc.l 1986 year","",0,NEUTRAL
178,"taiwan money supply rises 48.22 pct in year","",0,NEUTRAL
179,"pakistan says afghan air raid killed almost 150","killed",-1,NEGATIVE
180,"china must cut demand continue reforms zhao says","reforms",1,POSITIVE
181,"nippon steel to reduce dividend","",0,NEUTRAL
182,"bat sees strong performance from all sectors","strong",1,POSITIVE
183,"china's premier zhao says political crisis over","premier, crisis",0,NEUTRAL
184,"taiwan sees its investment in u.s. rising sharply","sharply",-1,NEGATIVE
185,"babcock unit wins order for venezuelan power plant","wins",1,POSITIVE
186,"jardine to join consortium for hk second airport","",0,NEUTRAL
187,"babcock international plc babk.l year 1986","",0,NEUTRAL
188,"veba placement continues for small shareholders","",0,NEUTRAL
189,"delta group dltl.l year to jan 3.","",0,NEUTRAL
190,"placer pacific says big bell gold study expanding","gold",1,POSITIVE
191,"belgian public debt rises in february","debt",-1,NEGATIVE
192,"babcock expects further progress in 1987","progress",1,POSITIVE
193,"egypt buys 46000 tonnes of sunflowerseed oil","",0,NEUTRAL
194,"china to tighten import control cut export costs","",0,NEUTRAL
195,"west germans to mint community anniversary coin","",0,NEUTRAL
196,"singapore gdp to grow six pct in first quarter","",0,NEUTRAL
197,"cargill u.k. strike talks to resume this afternoon","strike",-1,NEGATIVE
198,"norway issues 60 billion yen eurobond","issues",-1,NEGATIVE
199,"brockway air to buy five saab planes","",0,NEUTRAL
200,"saab-scania launches 100 mln dlr euro-cp program","",0,NEUTRAL
201,"british compound feed production detailed","",0,NEUTRAL
202,"kloeckner und co's 1986 profit falls about 20 pct","falls",-1,NEGATIVE
203,"mixed asian reaction to new rubber pact","",0,NEUTRAL
204,"ciba-geigy phillips petroleum in joint venture","",0,NEUTRAL
205,"krupp to build south korean steel plant","",0,NEUTRAL
206,"swire expects continued growth this year","",0,NEUTRAL
207,"uncertainty surrounds ec sugar tender result-trade","tender",1,POSITIVE
208,"abu dhabi to reopen gulf oilfield hit in 1986 raid","",0,NEUTRAL
209,"chad says troops killed 1200 libyans in battle","killed",-1,NEGATIVE
210,"rainbow lifts progressive stake to 52 pct","progressive",1,POSITIVE
211,"bank of thailand plans its first bond issue","issue",-1,NEGATIVE
212,"foreign brokers get more access to japanese bonds","",0,NEUTRAL
213,"yen may rise to 140 to the dlr nikkeiren says","",0,NEUTRAL
214,"japan buys modest amount of dollars dealers say","modest",1,POSITIVE
215,"brazil/bank committee agree on credit request","",0,NEUTRAL
216,"japan does not intend to cut discount rate-sumita","",0,NEUTRAL
217,"u.k. money market forecast revised to show surplus","",0,NEUTRAL
218,"bank of england does not operate in money market","",0,NEUTRAL
219,"bank of japan to sell 300 billion yen in bills","",0,NEUTRAL
220,"exchange rates almost within g-6 levels - sumita","",0,NEUTRAL
221,"afghan bombing toll almost 150","toll",-1,NEGATIVE
222,"japan asks traders exporters to cut dollar sales","",0,NEUTRAL
223,"swire uncommitted on proposed new h.k. airport","",0,NEUTRAL
224,"central banks buy dollars for yen in london","",0,NEUTRAL
225,"brazil banks fail to make breakthrough in debt talks","fail, breakthrough, debt",-1,NEGATIVE
226,"china must reform irrational price system zhao","reform, irrational",0,NEUTRAL
227,"severe drought affects east northeast thailand","severe, drought",-2,NEGATIVE
228,"ocean transport and trading plc ottl.l year 1986","",0,NEUTRAL
229,"dart group raises supermarkets general sgl bid","",0,NEUTRAL
230,"olson industries inc olsn 4th qtr net","",0,NEUTRAL
231,"olson olsn to have loss from egg unit sale","loss",-1,NEGATIVE
232,"jefferies jefg sets supermarkets sgl market","",0,NEUTRAL
233,"e.d. and f. man to buy into hong kong firm","",0,NEUTRAL
234,"oracle corp orcl 3rd qtr feb 28 net","",0,NEUTRAL
235,"disney dis opening experimental retail outlet","",0,NEUTRAL
236,"enterra corp en 4th qtr loss","loss",-1,NEGATIVE
237,"johnstown/consolidated realty trust jct net","trust",1,POSITIVE
238,"duriron duri completes valtek valt purchase","",0,NEUTRAL
239,"washington federal savings wfsl quarterly div","savings",1,POSITIVE
240,"singer smf gets texas air tex contract","",0,NEUTRAL
241,"rowley-scher rsch to have loss for year","loss",-1,NEGATIVE
242,"dixons said it got and accepted only 20 pct of cyclops shares in tender
","",0,NEUTRAL
243,"london on rise as trading centre in u.s. debt","debt",-1,NEGATIVE
244,"matsushita to issue 200 billion yen convertible","issue",-1,NEGATIVE
245,"dixons gets only 20 pct of cyclops cyl in bid","",0,NEUTRAL
246,"opposition says uk gov't gave arms to contras","opposition",-1,NEGATIVE
247,"brazil announces new planning minister","",0,NEUTRAL
248,"citibank launches currency warrants","",0,NEUTRAL
249,"kaufman and broad home corp kbh 1st qtr feb 28","",0,NEUTRAL
250,"metro cable meto to sell partnership","",0,NEUTRAL
251,"renouf has 93.4 pct of benequity bh units","",0,NEUTRAL
252,"oil analyst sees papua new guinea as good prospect","good",1,POSITIVE
253,"china to tighten import control cut export cost","",0,NEUTRAL
254,"usair group inc u sets quarterly","",0,NEUTRAL
255,"china must cut demand continue reforms: zhao","",0,NEUTRAL
256,"yugoslavia seeks 600 mln ecu loan from ec","",0,NEUTRAL
257,"mcfarland mcfe to buy petrominerals ptro","",0,NEUTRAL
258,"timminco acquires universal adhesives","",0,NEUTRAL
259,"paloma petroleum ltd year net","",0,NEUTRAL
260,"u.k. money market surplus revised to 250 mln stg","",0,NEUTRAL
261,"technimed corp gets fda approval for drug","approval",1,POSITIVE
262,"american resource corp ltd year net","",0,NEUTRAL
263,"waste management ends tender offer for chemlawn
","waste, tender",0,NEUTRAL
264,"west german jan coffee imports down on year-ago","",0,NEUTRAL
265,"one valley bancorp ovwv raises quarterly","",0,NEUTRAL
266,"national data corp ndta 3rd qtr feb 28 net","",0,NEUTRAL
267,"nvhomes nvh sets two-for-one split","split",-1,NEGATIVE
268,"american resource sets rights offering","",0,NEUTRAL
269,"vanguard technologies international inc vti","",0,NEUTRAL
270,"thomson mckinnon u.s. government fund dividend","",0,NEUTRAL
271,"thomson mckinnon income fund dividend","",0,NEUTRAL
272,"(oakridge holdings inc) 2nd qtr dec 31 net","",0,NEUTRAL
273,"general computer corp gccc 3rd qtr feb 28 net","",0,NEUTRAL
274,"uk equities seen due for downward correction","",0,NEUTRAL
275,"enserch issues 100 mln dlr convertible bond","issues",-1,NEGATIVE
276,"brierley offer for progressive still valid","progressive",1,POSITIVE
277,"avatar holdings inc avtr year net","",0,NEUTRAL
278,"norway offers 11th licence round offshore blocks","",0,NEUTRAL
279,"perception technology pcep to take charge","",0,NEUTRAL
280,"inspectorate issues 200 mln mark equity eurobond","issues",-1,NEGATIVE
281," bundesbank buys dollars for yen - frankfurt dealers
","",0,NEUTRAL
282,"reuters to buy i p sharp of canada","sharp",1,POSITIVE
283,"horizon bank hrzb sets stock split","split",-1,NEGATIVE
284,"waste wmx ends offer for chemlawn chem","waste",-1,NEGATIVE
285,"core-mark international names acting chairman","",0,NEUTRAL
286,"ackerly communications inc year loss","loss",-1,NEGATIVE
287,"united medical um to sell unit","",0,NEUTRAL
288,"rexnord rex to cut staff to 50 from 112","",0,NEUTRAL
289,"ccc accepts bonus bid on cattle for egypt - usda","bonus",1,POSITIVE
290,"intel intc unit sells notes at 8.18 pct","",0,NEUTRAL
291,"spain's socialist trade union pushes for wage hike","",0,NEUTRAL
292,"thatcher defends uk oil policy in saudi interview","",0,NEUTRAL
293,"march prices fell in german state on year-ago","fell",-1,NEGATIVE
294,"bundesbank buys dollars in frankfurt - dealers","",0,NEUTRAL
295,"crossland savings crldacquires western savings","savings, savings",2,POSITIVE
296,"general electric ge sells rights to technique","",0,NEUTRAL
297,"cpc cpc expects european sale to cut debt","debt",-1,NEGATIVE
298,"bank of england drains money market liquidity","drains",-1,NEGATIVE
299,"h.k. official defends non-prosecution of bond","",0,NEUTRAL
300,"vicorp restaurants inc vres 1st qtr feb 15 net","",0,NEUTRAL
301,"commerzbank to acquire and float linotype","",0,NEUTRAL
302,"vicorp vres ends sale/leaseback deal","",0,NEUTRAL
303,"ec export licences for 59000 tonnes white  sugar at rebate 45.678 ecus - french traders
","",0,NEUTRAL
304,"u.k. intervention board details ec sugar sales","",0,NEUTRAL
305,"pioneer-standard electronics inc pios payout","",0,NEUTRAL
306,"amsterdam exchange announces modernisation drive","",0,NEUTRAL
307,"house ways and means cmte finishes work on bill to toughen trade laws
","work",1,POSITIVE
308,"cherokee group chke files to offer shares","",0,NEUTRAL
309,"south africa problems remain despite debt pact","problems, debt",-2,NEGATIVE
310,"fabri-centers fca 4th qtr ends jan 31 net","",0,NEUTRAL
311,"tseng laboratories inc tsng 4th qtr net","",0,NEUTRAL
312,"park electrochemical corp pke sets payout","",0,NEUTRAL
313,"brazil seamen say strike near end","strike",-1,NEGATIVE
314,"key u.s. house panel finishes major trade bill","",0,NEUTRAL
315,"russ togs inc rts 4th qtr jan 31 net","",0,NEUTRAL
316,"johnstown american cos jac 2nd qtr feb 28 net","",0,NEUTRAL
317,"easco offers initial sale of securities","",0,NEUTRAL
318,"keihin electric express issues 150 mln dlr bond","issues",-1,NEGATIVE
319,"bristol and west building society issues cds","issues",-1,NEGATIVE
320,"woolwich building society issuing 50 mln stg bond","",0,NEUTRAL
321,"itt itt  unit files for preferred stock sale","",0,NEUTRAL
322,"cpc expects european sale to cut debt","debt",-1,NEGATIVE
323,"thermo process tpsi acquisition terminated","",0,NEUTRAL
324,"chrysler finance issuing sterling eurobond","",0,NEUTRAL
325,"noranda raises primary aluminum prices","",0,NEUTRAL
326,"soviet paper details georgian flood damage","damage",-1,NEGATIVE
327,"utilicorp ucu sees higher 1987 first quarter","",0,NEUTRAL
328,"xylogics inc initial offering underway","",0,NEUTRAL
329,"tseng tsng sees sales increase first qtr 1987","",0,NEUTRAL
330,"minntech mntx gets more cash for development","",0,NEUTRAL
331,"stockholder systems ssiaa makes acquisition","",0,NEUTRAL
332,"concept inc ccpt 2nd qtr feb 28 net","",0,NEUTRAL
333,"life of indiana corp lifi 4th qtr loss","loss",-1,NEGATIVE
334,"b.f. saul real estate investment bfs payout","",0,NEUTRAL
335,"south africa problems remain despite debt pact","problems, debt",-2,NEGATIVE
336,"maytag myg sees capital spending up in 1987","",0,NEUTRAL
337,"travelers tic unit to buy realty divisions","",0,NEUTRAL
338,"communications and cable inc ccab 1st qtr net","",0,NEUTRAL
339,"ben equity holdings bh suspended on nyse","",0,NEUTRAL
340,"escagen corp esn initial offering starts","",0,NEUTRAL
341,"bristol-myers bmy files aids vaccine with fda","",0,NEUTRAL
342,"dallas investor cuts stake in mcdermott (mdr)","",0,NEUTRAL
343,"fed adopts redeposit service for bounced checks","",0,NEUTRAL
344,"intn'l platinum degussa in joint venture talks","",0,NEUTRAL
345,"westwood one inc wone 1st qwtr feb 28 net","",0,NEUTRAL
346,"reagan opposes new taxes seeks budget","",0,NEUTRAL
347,"iran says has better weapons than silkworm","better",1,POSITIVE
348,"ec commission details sugar tender","tender",1,POSITIVE
349,"inland steel iad preferred offered","",0,NEUTRAL
350,"advanced micro amd preferred offered","advanced",1,POSITIVE
351,"tricentrol to concentrate on proven reserves","proven",1,POSITIVE
352,"rolls-royce signs new engine deal with boeing","",0,NEUTRAL
353,"brooklyn union gas co bu sets payout","",0,NEUTRAL
354,"unisys uis introduces new products","",0,NEUTRAL
355,"argentine port workers take industrial action","",0,NEUTRAL
356,"novamin says it received proposed takeover bid from breakwater
","",0,NEUTRAL
357,"nyfe seat sells for 200 dlrs","",0,NEUTRAL
358,"nec corp has 150 mln dlr euro-cp program","",0,NEUTRAL
359,"france sets four billion franc t-bill tender","tender",1,POSITIVE
360,"fed expected to add reserves in market","",0,NEUTRAL
361,"india reported buying two white sugar cargoes","",0,NEUTRAL
362,"novamin in proposed buyout by breawater bwrlf","",0,NEUTRAL
363,"lilly industrial coatings inc licia 1st qtr","",0,NEUTRAL
364,"commonwealty realty crtyz bay bay end talks","",0,NEUTRAL
365,"met-pro corp mpr 4th qtr ends jan 31 net","",0,NEUTRAL
366,"edo edo to buy back additional 500000 shares","",0,NEUTRAL
367,"vista visa forms office of the president","",0,NEUTRAL
368,"central maine power co ctp sets quarterly","",0,NEUTRAL
369,"some firms curb commodities business with drexel","",0,NEUTRAL
370,"pep boys pby sets split raises quarterly","pep, split",0,NEUTRAL
371,"pep boys - manny moe and jack inc pby 4th qtr","pep",1,POSITIVE
372,"hovnanian enterprises hov earnings to rise","",0,NEUTRAL
373,"ny traders say turkey made large sugar purchase","",0,NEUTRAL
374,"norfolk nsc unit sells equipment certificates","",0,NEUTRAL
375,"anheuser-busch bud officer resigns","",0,NEUTRAL
376,"johnson says fed's actions yesterday meant to stabilize dollar at current levels
","stabilize",1,POSITIVE
377,"sunstar foods inc sunf 2nd qtr feb 28 net","",0,NEUTRAL
378,"phoenix re pxre initial offering under way","",0,NEUTRAL
379,"nippon signal to issue 50 mln swiss franc notes","issue",-1,NEGATIVE
380,"hadson hads to acquire 85 pct of seaxe seax","",0,NEUTRAL
381,"reuters to buy i p sharp of canada","sharp",1,POSITIVE
382,"tcby enterprises tcby splits stock","",0,NEUTRAL
383,"first interstate i sells capital notes","",0,NEUTRAL
384,"raytheon co rtn sets quarterly","",0,NEUTRAL
385,"fiat may issue bond for libyan stake paper says","issue",-1,NEGATIVE
386,"italy's stet forms telecommunications firm","",0,NEUTRAL
387,"p.h. glatfelter co glp increases dividend","",0,NEUTRAL
388,"life of indiana corp lifi 4th qtr loss","loss",-1,NEGATIVE
389,"(corrected) - tseng tsng sees sales increase","",0,NEUTRAL
390,"brazilian bank strike spreads union says","strike",-1,NEGATIVE
391,"consolidated norex to acquire triweb resources","",0,NEUTRAL
392,"thai sugar production continues high in feb","",0,NEUTRAL
393,"swedish export credit issues new zealand dlr bond","issues",-1,NEGATIVE
394,"apollo computer apci in joint marketing pact","",0,NEUTRAL
395,"accugraph in asia marketing pact with trio-tech","",0,NEUTRAL
396,"reichhold chemicals inc exploring possible sale of european subsidiary
","",0,NEUTRAL
397,"ny traders expect china to step up sugar buying","",0,NEUTRAL
398,"ross stores inc rost 4th qtr jan 31 loss","loss",-1,NEGATIVE
399,"italian treasury bill offer has mixed response","",0,NEUTRAL
400,"afg afg expands into auto glass replacement","",0,NEUTRAL
401,"greenwood resources says banks could foreclose","",0,NEUTRAL
402,"navistar nav still expects higher 1987 net","",0,NEUTRAL
403,"hees international sets 100 mln dlr share issue","issue",-1,NEGATIVE
404,"corrected-lilly industrial coatings inc licia","",0,NEUTRAL
405,"u.s. senate panel approves trade mission bill","",0,NEUTRAL
406,"caterpillar cat workers told to end sit-in","",0,NEUTRAL
407,"bat shares undervalued say stock market analysts","",0,NEUTRAL
408,"baldrige says u.s. will not let japan dominate world electronics market
","dominate",1,POSITIVE
409,"reichhold rci exploring sale of european unit","",0,NEUTRAL
410,"americus trust for merck mrk now effective","trust, effective",2,POSITIVE
411,"ual said donald trump was interested in ual stock "as investment"
","trump",1,POSITIVE
412,"int'l broadcasting ibca sets reverse split","split",-1,NEGATIVE
413,"bi inc biac sets reverse split","split",-1,NEGATIVE
414,"baldrige says japan must open its markets","",0,NEUTRAL
415,"k mart km unit buys texas land","",0,NEUTRAL
416,"basf corp year net","",0,NEUTRAL
417,"toronto dominion buying montreal exchange seat","",0,NEUTRAL
418,"lear siegler deposits 79.4 mln dlrs to secure notes effects reorganization
","secure",1,POSITIVE
419,"j.a.m. jamy wins 1.5 mln dlr contract","wins",1,POSITIVE
420,"unisys uis new mainframe introduction not set","",0,NEUTRAL
421,"montana power co mtp votes quarterly dividend","",0,NEUTRAL
422,"ual ual said trump talked with ual chairman","trump",1,POSITIVE
423,"grolier glr debt upgraded by moody's","debt, upgraded",0,NEUTRAL
424,"team inc tmi 3rd qtr feb 28 net","",0,NEUTRAL
425,"todd shipyards corp omits qtly common div sets preferred payout
","",0,NEUTRAL
426,"rsi corp rsic 2nd qtr feb 28 net","",0,NEUTRAL
427,"rcm technologies inc rcmt 1st qtr jan 31 loss","loss",-1,NEGATIVE
428,"mcclain industries inc mccl 1st qtr dec 31 net","",0,NEUTRAL
429,"fed offers to buy one billion dlrs of bills for customer after note auction
","",0,NEUTRAL
430,"synalloy syo ends plans to sell unit","",0,NEUTRAL
431,"c-i-l acquiring trimac's stake in tricil","",0,NEUTRAL
432,"ec inflation starts to rise again in february","",0,NEUTRAL
433,"pantera's pant to buy ten pizza restaurants","",0,NEUTRAL
434,"allied-signal inc to sell linotype group to commerzbank of west germany
","",0,NEUTRAL
435,"energy/u.s. oil output","",0,NEUTRAL
436,"todd shipyards tod omits commmon dividend","",0,NEUTRAL
437,"imo delaval imd sets initial dividend","",0,NEUTRAL
438,"fed to purchase treasury bills for a customer","a",1,POSITIVE
439,"gould gld introduces new mini supercomputers","",0,NEUTRAL
440,"national computer systems inc nlcs4th qtr net","",0,NEUTRAL
441,"sec sanctions accountants kmg main hurdman","",0,NEUTRAL
442,"allied-signal ald to sell linotype unit","",0,NEUTRAL
443,"continental health affiliates inc cthl 4th qtr","",0,NEUTRAL
444,"canada sets oil industry aid package","",0,NEUTRAL
445,"continental cthl repurchases notes","",0,NEUTRAL
446,"atlantis group inc to offer shares notes","",0,NEUTRAL
447,"mountleigh group seeks 100 mln stg facility","",0,NEUTRAL
448,"southwest forest swf settles strike","strike",-1,NEGATIVE
449,"cocoa talks slow at crucial stage - delegates","slow",-1,NEGATIVE
450,"mack trucks mack debt affirmed by s/p","debt",-1,NEGATIVE
451,"euratom ecu bond marks rome treaty anniversary","",0,NEUTRAL
452,"newmont gold ngc sees gold sales rising","gold, gold",2,POSITIVE
453,"messidor to merge with triton beleggingen","",0,NEUTRAL
454,"immunogenetics igen to enter liposome field","",0,NEUTRAL
455,"smith barney analyst cuts hercules hpc rating","",0,NEUTRAL
456,"s/p upgrades consumers power's senior and subordinated debt
","",0,NEUTRAL
457,"navistar nav sees higher capital spending","",0,NEUTRAL
458,"mohawk data mds affiliate in service deal","",0,NEUTRAL
459,"consumers power cms debt raised by s/p","debt",-1,NEGATIVE
460,"encor energy corp plans 125 mln dlr debenture offer
","",0,NEUTRAL
461,"pacific gas pcg seeks purchase rule change","",0,NEUTRAL
462,"encor energy corp inc yr net loss 406.6 mln vs profit 35.4 mln
","loss",-1,NEGATIVE
463,"brazil plans new economic strategy for growth","",0,NEUTRAL
464,"middle south msu to form new dividend policy","",0,NEUTRAL
465,"uk poll shows surge for centrist alliance parties","",0,NEUTRAL
466,"emerson radio eme sells debt privately","debt",-1,NEGATIVE
467,"solar systems sun dance ssdn extends warrants","",0,NEUTRAL
468,"twa sold four mln shares of usair believed to institutions wall street sources
","",0,NEUTRAL
469,"u.s. sugar policy may self-destruct congressman","",0,NEUTRAL
470,"fiat says it not planning to issue eurobonds","issue",-1,NEGATIVE
471,"investors increase stake in frost sullivan","frost",-1,NEGATIVE
472,"liberian ore carrier in collision in river elbe","",0,NEUTRAL
473,"aim telephones aimt sells debt to shareholder","debt",-1,NEGATIVE
474,"hershey oil corp hso 4th qtr loss","loss",-1,NEGATIVE
475,"vista management inc gets bond guarantees","",0,NEUTRAL
476,"eg and g inc egg sets quarterly","",0,NEUTRAL
477,"encor energy corp inc year loss","loss",-1,NEGATIVE
478,"brazilian labour unrest spreads many banks shut","unrest",-1,NEGATIVE
479,"oak industries oak sets debt exchange offer","debt",-1,NEGATIVE
480,"collins foods cf to redeem debentures","redeem",1,POSITIVE
481,"andreotti drops coalition bid","",0,NEUTRAL
482,"team tmi to unveil new equipment in may","",0,NEUTRAL
483,"asta group inc unit in loan purchase","",0,NEUTRAL
484,"encor plans 125 mln dlr debenture offering","",0,NEUTRAL
485,"arden international aiki 4th qtr dec 27 net","",0,NEUTRAL
486,"twa twa sells position in usair u","",0,NEUTRAL
487,"combustion engineeringcsp sees 1st qtr net off","",0,NEUTRAL
488,"newmont gold sees its sales rising 22 pct","gold",1,POSITIVE
489,"talking point/tobacco stocks","",0,NEUTRAL
490,"micro display mdsi gets european orders","",0,NEUTRAL
491,"treasury's baker says exchange rate changes will reduce trade deficit this year
","",0,NEUTRAL
492,"treasury's baker says economic cooperation process is working
","",0,NEUTRAL
493,"treasury's baker says "throwing money" at debtor nations won't work
","",0,NEUTRAL
494,"utah power utp plans to redeem preferred stock","redeem",1,POSITIVE
495,"gateway sporting buys innovative dental","innovative",1,POSITIVE
496,"treasury's baker sees cut in trade deficit","",0,NEUTRAL
497,"cyclops corp reforms board after dixons group fails to get majority of cyclops stock
","reforms, fails",0,NEUTRAL
498,"uk to retain powers against u.s unitary taxation","",0,NEUTRAL
499,"treasury's baker says economic cooperation works","works",1,POSITIVE
500,"pan atlantic re inc pnre 4th qtr net","pan",-1,NEGATIVE
501,"quaker chemical corp qchm sets quarterly","",0,NEUTRAL
502,"raytheon rtn director resigns","",0,NEUTRAL
503,"middle south msu to consider dividend","",0,NEUTRAL
504,"monarch capital mon calls preferred","",0,NEUTRAL
505,"cyanotech cyan sets way to extract carotene","",0,NEUTRAL
506,"sas to upgrade cabin service in scandinavia","",0,NEUTRAL
507,"belgium plans to outlaw insider trading","outlaw",-1,NEGATIVE
508,"owens-corning fiberglas ocf sells foam unit","",0,NEUTRAL
509,"u.s. shoe inc 4th qtr shr 31 cts vs 56 cts
","",0,NEUTRAL
510,"u.s. tax fraud charges brought against three","fraud",-1,NEGATIVE
511,"o'brien energy obs in citicorp cci lease","",0,NEUTRAL
512,"quaker chemical qchm to repurchase shares","",0,NEUTRAL
513,"treasury's baker outlines trade bill criticisms","criticisms",-1,NEGATIVE
514,"casino commission delays vote on holiday hia","delays",-1,NEGATIVE
515,"worthern banking wor in agreement with feds","",0,NEUTRAL
516,"u.s. shoe corp usr 4th qtr jan 31 net","",0,NEUTRAL
517,"nutmeg industries nutm sets licensing pact","",0,NEUTRAL
518,"argentine soybean yield estimates down further","",0,NEUTRAL
519,"beta phase beta to sell eyeglass technology","",0,NEUTRAL
520,"lyng says agriculture should share spending cuts","",0,NEUTRAL
521,"treasury's baker says new money not panacea","",0,NEUTRAL
522,"vertex industries inc vetx 2nd qtr jan 31 net","",0,NEUTRAL
523,"cyclops cyl says dixons appointees resign","",0,NEUTRAL
524,"ecuador negotiates with nigeria for lending oil","",0,NEUTRAL
525,"computervision cvn unveils new design gear","",0,NEUTRAL
526,"northern states power co nsp votes quarterly","",0,NEUTRAL
527,"summit tax exempt bond fund sua sets payout","",0,NEUTRAL
528,"u.s. senate trade leader concerned about canada","concerned",-1,NEGATIVE
529,"treasury's baker says new money not debt panacea","debt",-1,NEGATIVE
530,"baker says u.s. willing to cooperate to stabilize exchange rates
","willing, stabilize",2,POSITIVE
531,"baker says u.s. wants to stabilize exchange rates","stabilize",1,POSITIVE
532,"justice dot back airline antitrust switch","",0,NEUTRAL
533,"u.s. government expands crackdown on bad debts","bad, debts",-2,NEGATIVE
534,"first federal delaware agreement extended","",0,NEUTRAL
535,"edelman group in plan to buy morse shoe mrs","",0,NEUTRAL
536,"philip morris' mo oscar mayer sets redemption","redemption",1,POSITIVE
537,"u.s  auto agency grants ford f air bag request","",0,NEUTRAL
538,"merck mrk gets fda heartworm medicine approval","approval",1,POSITIVE
539,"john labatt sees good fourth quarter year","good",1,POSITIVE
540,"husky hyo sets meeting to approve merger","approve",1,POSITIVE
541,"baltimore gas and electric bge files debt","debt",-1,NEGATIVE
542,"merck mrk gets approval for dog heart drug","approval",1,POSITIVE
543,"washington gas light co wgl hikes payout","",0,NEUTRAL
544,"zenith ze names new financial officer","zenith",1,POSITIVE
545,"ferc decision could cut columbia gas cg net","",0,NEUTRAL
546,"u.s. offers more credits for veg oil to n. yemen","",0,NEUTRAL
547,"puerto rican cement co prn sets payout","",0,NEUTRAL
548,"u.s. shoe usr to open 421 stores in 1987","",0,NEUTRAL
549,"barris brrs to buy back stock","",0,NEUTRAL
550,"canada may monitor steel shipments","",0,NEUTRAL
551,"mexico signs 100 mln dlr iadb tourism loan","",0,NEUTRAL
552,"wesco financial corp wsc 4th qtr net","",0,NEUTRAL
553,"helm h sells additional shares in bamberger","",0,NEUTRAL
554,"ampal-american israel corp ais.a year net","",0,NEUTRAL
555,"cocoa council chairman seeks buffer compromise","",0,NEUTRAL
556,"snc group expects higher 1987 earnings sales","",0,NEUTRAL
557,"mine safety mnes sells south africa unit","",0,NEUTRAL
558,"medar inc mdxr 4th qtr dec 31 loss","loss",-1,NEGATIVE
559,"medar mdxr changes fiscal year","",0,NEUTRAL
560,"epsilon data epsi gets new credit agreement","",0,NEUTRAL
561,"u.s. securities industry assn backs restraints on takeovers insider trading
","",0,NEUTRAL
562,"chemfix technologies inc cfix 2nd qtr net","",0,NEUTRAL
563,"alabama upgraded in brucellosis program","upgraded",1,POSITIVE
564,"helm h affiliate sells system","",0,NEUTRAL
565,"federal paper fbo offers preferential shares","",0,NEUTRAL
566,"allis-chalmers ah sells swiss unit","",0,NEUTRAL
567,"monarch capital mon pr will not resume trading","",0,NEUTRAL
568,"florida employers insurance co flae year 1986","",0,NEUTRAL
569,"shell oil gets 104.3 mln dlr contract","",0,NEUTRAL
570,"u.s. 4-year note average yield 6.79 pct stop 6.79 pct awarded at high yield 95 pct
","awarded",1,POSITIVE
571,"detroit edison files shelf registration for one billion dlrs in bonds
","",0,NEUTRAL
572,"nike inc nike 3rd qtr feb 28 net","",0,NEUTRAL
573,"zenith national insurance znat qtly dividend","zenith",1,POSITIVE
574,"redkin laboratories inc rdkn qtly dividend","",0,NEUTRAL
575,"int'l minerals igl plans biotechnology project","",0,NEUTRAL
576,"coopervision inc eye qtly dividend","",0,NEUTRAL
577,"ual ual surrounded by takeover speculation","",0,NEUTRAL
578,"u.s. securities group backs insider restraints","",0,NEUTRAL
579,"texaco tx reserves down despite lower output","",0,NEUTRAL
580,"six reported wounded in ecuador general strike","strike",-1,NEGATIVE
581,"int'l minerals project to boost hog lean weight","boost, lean",2,POSITIVE
582,"lomac to pay 17 mln dlrs to clean site in first superfund-2 settlement
","clean",1,POSITIVE
583,"pulitzer publishing co pltzc declares qtly div","",0,NEUTRAL
584,"federal co fff sets regular payout","",0,NEUTRAL
585,"transcanada pipe trp sets share redemption","redemption",1,POSITIVE
586,"southwestern bell sbc sees earnings dilution","",0,NEUTRAL
587,"bolivian debt buyback plan said gaining ground","debt, gaining",0,NEUTRAL
588,"brazil wants to increase steel exports to u.s.","",0,NEUTRAL
589,"xylogics in initial public offering","",0,NEUTRAL
590,"detroit edison dte registers bonds","",0,NEUTRAL
591,"s/p downgrades dana corp's 900 mln dlrs of debt
","",0,NEUTRAL
592,"anchor savings bank offering fully subscribed","savings",1,POSITIVE
593,"lear siegler holding corp plans to divest aerospace subsidiary
","",0,NEUTRAL
594,"varity corp year shr loss 21 cts vs loss 16 cts
","loss, loss",-2,NEGATIVE
595,"nordson ndsn sets 3-for-2 split","split",-1,NEGATIVE
596,"baldrige sees u.s. trade deficit starting to decline in feb or march data
","decline",-1,NEGATIVE
597,"s/p may upgrade wainoco oil wol","",0,NEUTRAL
598,"u.s. budget director warns against tax increase","",0,NEUTRAL
599,"baldrige sees u.s. trade gap dropping soon","",0,NEUTRAL
600,"normal work resumes at new zealand ports","work",1,POSITIVE
601,"varity corp vat 4th qtr jan 31 loss","loss",-1,NEGATIVE
602,"indiana federal ifsl 4th qtr net","",0,NEUTRAL
603,"lear-siegler holding to divest aerospace unit","",0,NEUTRAL
604,"rubbermaid rbd completes acquisitions","",0,NEUTRAL
605,"kansas power and light kan chairman leaving","",0,NEUTRAL
606,"crystal oil co cor 4th qtr loss","loss",-1,NEGATIVE
607,"chemfix technologies cfix 2nd qtr feb 28 net","",0,NEUTRAL
608,"federal-mogul corp fmo sets regular dividend","",0,NEUTRAL
609,"iowa resources inc ior declares qtly dividend","",0,NEUTRAL
610,"eia says distillate stocks off 3.2 mln bbls gasoline up 2.2 mln crude up 7.5 mln
","crude",-1,NEGATIVE
611,"u.s. home resales up in february realtors say","",0,NEUTRAL
612,"el paso electric elpa to buy back bonds","",0,NEUTRAL
613,"lower u.s. soybean loan idea sharply criticized","sharply, criticized",-2,NEGATIVE
614,"fiduciary trust co in five-for-one stock split","trust, split",0,NEUTRAL
615,"modulaire modx buys boise homes property","",0,NEUTRAL
616,"u.s. house panel adopts bill that could bar japanese primary dealers
","",0,NEUTRAL
617,"little support for mandatory acreage cuts - lyng","support",1,POSITIVE
618,"ual ual unit links reservation service","",0,NEUTRAL
619,"dana corp dcn debt lowered by s/p","debt",-1,NEGATIVE
620,"minnesota power mpl sells seven-year bonds","",0,NEUTRAL
621,"la quinta motor inns inclqm3rd qtr feb 28 net","",0,NEUTRAL
622,"kansas city southern industries says it eager to purchase southern pacific railroad
","eager",1,POSITIVE
623,"fnma announces 10 and 20-year mortgage products","",0,NEUTRAL
624,"u.s. chipmakers urge sanctions against japan","",0,NEUTRAL
625,"u.s. legislation could bar japanese dealers","",0,NEUTRAL
626,"bolivian debt buyback plan gains ground","debt, gains",0,NEUTRAL
627,"pdvsa picks arco-agip consortium in coal venture","",0,NEUTRAL
628,"s/p downgrades chase chemical irving manufacturers mellon and security pacific
","",0,NEUTRAL
629,"icn icn says kodak sale will not affect r/d","",0,NEUTRAL
630,"recent u.s. oil demand up 0.1 pct from year ago","",0,NEUTRAL
631,"fed approves chemical bank acquisition of texas commerce bancshares
","",0,NEUTRAL
632,"s/p downgrades six u.s. money center banks","",0,NEUTRAL
633,"kansas city ksu ready to buy southern pacific","ready",1,POSITIVE
634,"gencorp gy bid could be raised group says","",0,NEUTRAL
635,"unocal ucl plans increase in capital spending","",0,NEUTRAL
636,"fed approves chemical new york chl merger","",0,NEUTRAL
637,"varityvat sees improved results after 1st qtr","improved",1,POSITIVE
638,"campbell resources cch ups meston lake stake","",0,NEUTRAL
639,"fpl group fpl unit files to offer preferred","",0,NEUTRAL
640,"metrobanc mtbc shareholders approve merger","approve",1,POSITIVE
641,"connecticut energy cneunit seeks higher rates","",0,NEUTRAL
642,"cattlemen assessing death loss from storm","death, loss",-2,NEGATIVE
643,"plains resources inc plns year loss","loss",-1,NEGATIVE
644,"ecuador signs 280 mln dlr iadb loan","",0,NEUTRAL
645,"peru's debt obligations hit 6.3 billion dlrs in 1987","debt",-1,NEGATIVE
646,"pennzoil (pzl) willing to settle texaco (tx) lawsuit","willing",1,POSITIVE
647,"farm credit system to ask for congressional aid","",0,NEUTRAL
648,"gv medical inc gvmi 4th qtr loss","loss",-1,NEGATIVE
649,"first federal/arkansas fark in court ruling","",0,NEUTRAL
650,"ibc president not to attend ico executive board","",0,NEUTRAL
651,"colombia to maintain foreign borrowing levels","",0,NEUTRAL
652,"exchange rate bill clears u.s. house panel","clears",1,POSITIVE
653,"u.s. chipmakers urge sanctions against japan","",0,NEUTRAL
654,"lomac to pay costs in first superfund agreement","",0,NEUTRAL
655,"world bank affiliate provides credit for haiti","",0,NEUTRAL
656,"u.s. agriculture secy doubtful on deficit goal","doubtful",-1,NEGATIVE
657,"clabir clg ambrit abi call off merger","",0,NEUTRAL
658,"faa orders voice recorders on new commuter craft","",0,NEUTRAL
659,"telecommunications bill clears u.s. house panel","clears",1,POSITIVE
660,"bank board takes control of florida thrift","thrift",1,POSITIVE
661,"moody's downgrades zenith electronics ze debt","zenith, debt",0,NEUTRAL
662,"sdc sydney replaces chairman","",0,NEUTRAL
663,"cost of pik certificates to be eyed by congress","",0,NEUTRAL
664,"daily telegraph in deal with news international","",0,NEUTRAL
665,"usacafes usf unit posts record weekly sales","",0,NEUTRAL
666,"macao to keep existing system for 50 years","",0,NEUTRAL
667,"friedman industries inc frd quarterly div","",0,NEUTRAL
668,"chirac sees faster privatisation","faster",1,POSITIVE
669,"iadb meeting ends with u.s. isolated on reform","isolated, reform",0,NEUTRAL
670,"latin oil producers to meet in caracas","",0,NEUTRAL
671,"australian reserve bank cuts rediscount rate","",0,NEUTRAL
672,"argentina says could follow brazilian debt move","debt",-1,NEGATIVE
673,"genova gnva signs definitive merger agreement","",0,NEUTRAL
674,"penobscot shoe co pso 1st qtr feb 27 net","",0,NEUTRAL
675,"drexel says business strong despite trade probe","strong",1,POSITIVE
676,"dauster says no change in brazil's coffee policy","",0,NEUTRAL
677,"exchange rate bill clears u.s. house panel","clears",1,POSITIVE
678,"consolidate capital trust ciots 4th qtr net","trust",1,POSITIVE
679,"sarney reiterates that brazil will not go to imf","",0,NEUTRAL
680,"u.s. banks seen stepping up securities role","",0,NEUTRAL
681,"palo verde unit 3 granted operating license","",0,NEUTRAL
682,"treasury's baker says he stands by paris pact to foster stable currencies
","stable",1,POSITIVE
683,"members vote to dissolve u.s. farm co-op","",0,NEUTRAL
684,"u.s. senate farm panel makeup still in doubt","doubt",-1,NEGATIVE
685,"baker says he stands by paris currency agreement","",0,NEUTRAL
686,"baker declines comment on volcker reappointment","declines",-1,NEGATIVE
687,"china says 1986 budget deficit 7.08 billion yuan","",0,NEUTRAL
688,"guyana finance minister optimistic but seeks help","optimistic",1,POSITIVE
689,"baker opposes stock transaction tax proposal","",0,NEUTRAL
690,"baker seeks more bank loans to developing nations","",0,NEUTRAL
691,"libyans appear to be pulling out of chad","",0,NEUTRAL
692,"china portugal initial macao pact","",0,NEUTRAL
693,"baker sees 15 to 20 billion dlr drop in trade gap","",0,NEUTRAL
694,"sumita says further yen rise would adversely affect japanese economy
","",0,NEUTRAL
695,"sumita says major nations will continue to cooperate to stabilize currencies
","stabilize",1,POSITIVE
696,"n.z. money supply rises 2.4 pct in january","",0,NEUTRAL
697,"further yen rise would hurt japan economy sumita","hurt",-1,NEGATIVE
698,"japan vtr and tv exports fall in february","fall",-1,NEGATIVE
699,"democrat loses bid to win contra aid accounting","loses, win",0,NEUTRAL
700,"ec links agricultural trade talks to other reform","reform",1,POSITIVE
701,"vietnam's army ordered to grow more food","",0,NEUTRAL
702,"linde turnover up in first two months of 1987","",0,NEUTRAL
703,"linde ag ling.f 1986 year","",0,NEUTRAL
704,"pacific dunlop announces aids protection discovery","protection",1,POSITIVE
705,"bank of new zealand shares to be listed next week","",0,NEUTRAL
706,"japan seen cutting april bond coupon from five pct","",0,NEUTRAL
707,"singapore rule changes seen having little impact","",0,NEUTRAL
708,"trade surplus cut would benefit japan - sumita","benefit",1,POSITIVE
709,"violence reported in ecuador general strike","strike",-1,NEGATIVE
710,"philippine debt talks proceed with narrower focus","debt, narrower",-2,NEGATIVE
711,"garcia says peru not trying to export debt stance","debt",-1,NEGATIVE
712,"supreme court upholds affirmative action for women","supreme, affirmative",2,POSITIVE
713,"economic spotlight - hong kong's more active role","",0,NEUTRAL
714,"gulf escorts still under discussion - weinberger","",0,NEUTRAL
715,"sri lanka to launch appeal for drought aid","appeal, drought",0,NEUTRAL
716,"miyazawa says major nations acting on paris accord","",0,NEUTRAL
717,"u.s. house panel approves 400 mln dlrs foreign aid","",0,NEUTRAL
718,"economic spotlight - tokyo earthquake aftershocks","",0,NEUTRAL
719,"hoechst ag 1986 world group pretax profit 3.21 billion marks vs 3.16 billion
","",0,NEUTRAL
720,"aidc issues first australian dlr medium term notes","issues",-1,NEGATIVE
721,"mazda does not plan to make sports cars in u.s.","",0,NEUTRAL
722,"kawasaki to increase motorcycle output","",0,NEUTRAL
723,"bank of france launches money market intervention tender - official
","tender",1,POSITIVE
724,"hoechst ag hfag.f year 1986","",0,NEUTRAL
725,"german trade current account data due today","",0,NEUTRAL
726,"bank of france launches money market tender","tender",1,POSITIVE
727,"bp says it will tender for remaining 45 pct of standard oil at 70 dlrs a share cash
","tender, a",2,POSITIVE
728,"china projects 1987 budget deficit increase","",0,NEUTRAL
729,"bp to offer 7.4 billion dlrs for standard shares","",0,NEUTRAL
730,"hoechst raises profits on lower sales","",0,NEUTRAL
731,"danish overnight money market rate cut to 10 pct from 10.5 - central bank
","",0,NEUTRAL
732,"bhp net seen around 600 mln dlrs for nine months","",0,NEUTRAL
733," bp units seek five billion dlr revolving credit to support standard oil tender
","support",1,POSITIVE
734,"indian plant signs first alumina export contract","",0,NEUTRAL
735,"fried. krupp gmbh krpg.d year 1986","",0,NEUTRAL
736,"nordic investment bank has zero coupon bond","",0,NEUTRAL
737,"lucas industries plc lucs.l halfyear ended jan 31","",0,NEUTRAL
738,"bp units seek five billion dlr revolving credit","",0,NEUTRAL
739,"eurofima launching 40 mln swiss franc notes","",0,NEUTRAL
740,"club mediterranee cmi.pa - year ended october 31","",0,NEUTRAL
741,"u.k. money market liquidity position expected flat","",0,NEUTRAL
742,"ec sugar tender seen as further concession","tender, concession",0,NEUTRAL
743," german feb current account surplus 6.6 billion marks (jan surplus 4.8 billion) - official
","",0,NEUTRAL
744," german february trade surplus 10.4 billion marks (jan surplus 7.2 billion) - official
","",0,NEUTRAL
745,"german current account surplus widens in february","",0,NEUTRAL
746,"montreal trustco issues canadian dollar eurobond","issues",-1,NEGATIVE
747,"keating revises down australian growth forecast","",0,NEUTRAL
748,"taiwan's savings at record high","savings",1,POSITIVE
749,"short-dated saudi riyal rates firm in quiet market","quiet",1,POSITIVE
750,"japan beef price support cut will not raise demand","support",1,POSITIVE
751,"foreign firms hope to join japan telecom company","",0,NEUTRAL
752,"u.k. oilmeal/veg oil production rose in 1986","",0,NEUTRAL
753,"bnp plans 100 mln h.k. dlr cd issue","issue",-1,NEGATIVE
754,"philippines to put 100 state firms up for sale","",0,NEUTRAL
755,"singapore laws to liberalise local capital market","",0,NEUTRAL
756,"siemens sees sales near 52 billion marks this year","",0,NEUTRAL
757,"krupp has satisfactory 1986 results","satisfactory",1,POSITIVE
758,"japanese scientists develop aids detection material","",0,NEUTRAL
759,"no pessimism for german exporters ministry","pessimism",-1,NEGATIVE
760,"monetary authorities said to lose credibility","lose",-1,NEGATIVE
761,"austria makes two billion schilling note issue","issue",-1,NEGATIVE
762,"france's caecl issues three billion franc bond","issues",-1,NEGATIVE
763,"uk feb trade deficit 224 mln stg vs deficit 527 mln in jan - official.
","",0,NEUTRAL
764,"u.k. feb cuurent account surplus 376 mln stg vs jan surplus 73 mln - official.
","",0,NEUTRAL
765,"malaysian central bank sees higher 1987 growth","",0,NEUTRAL
766,"u.k. visible trade deficit narrows in february","",0,NEUTRAL
767,"lucas sees continued growth in second half","",0,NEUTRAL
768,"iwc ups soviet grain 1986/87 import estimate three mln tonnes to 29 mln - official
","",0,NEUTRAL
769,"iwc lifts 1986/87 world wheat coarse grain estimate one mln tonnes to record 1377 mln
","coarse",-1,NEGATIVE
770,"economic spotlight - swiss banking secrecy","",0,NEUTRAL
771,"montreal trustco issues canadian dollar eurobond","issues",-1,NEGATIVE
772,"libyans appear to be pulling out of chad","",0,NEUTRAL
773,"trade surplus cut would benefit japan - sumita","benefit",1,POSITIVE
774,"alsthom awarded 900 mln franc pakistani deal","awarded",1,POSITIVE
775,"commission approves rainbow/progressive merger","",0,NEUTRAL
776,"violence reported in ecuador general strike","strike",-1,NEGATIVE
777,"u.k. money market forecast revised to deficit","",0,NEUTRAL
778,"iwc lifts world grain output estimate to record","",0,NEUTRAL
779,"bank of japan buys small quantity dollars -dealers","",0,NEUTRAL
780,"u.k. trade figures buoy hopes of interest rate cut","",0,NEUTRAL
781,"ecc approves montedison/hercules venture","",0,NEUTRAL
782,"ec sells butter stocks to soviet union","",0,NEUTRAL
783,"german net currency reserves rise","",0,NEUTRAL
784,"world bank chief concerned about brazil economy","concerned",-1,NEGATIVE
785,"italian treasury announces certificate offer","",0,NEUTRAL
786,"guinness peat has cash advance facility","",0,NEUTRAL
787,"sumitomo bank has 500 mln stg cd program","",0,NEUTRAL
788,"currency exchange loss pushes malaysia's debt up","loss, debt",-2,NEGATIVE
789,"iwc says effect of lower support prices limited","support, limited",0,NEUTRAL
790,"sandoz has 50 mln dlr euro-cp program","",0,NEUTRAL
791,"u.s. treasury's baker opposes tax increase","",0,NEUTRAL
792,"philippine debt talks proceed with narrower focus","debt, narrower",-2,NEGATIVE
793,"treasury's baker says he stands by paris pact","",0,NEUTRAL
794,"treasury's baker declines comment on volcker","declines",-1,NEGATIVE
795,"german analysts see gold rising in 2nd half 1987","gold",1,POSITIVE
796,"cambrian and general notes relisted in london","",0,NEUTRAL
797,"gulf escorts still under discussion - weinberger","",0,NEUTRAL
798,"austria treasury note issue likely to be increased","issue",-1,NEGATIVE
799,"new capital rules would favor first interstate","favor",1,POSITIVE
800,"first interstate i estimates loss on brazil","loss",-1,NEGATIVE
801,"french unemployment rises to seasonally adjusted 2.65 mln in february - official
","",0,NEUTRAL
802,"conrail initial offer priced at 28 dlrs share","",0,NEUTRAL
803,"mickelberry corp mbc 4th qtr net","",0,NEUTRAL
804,"holiday hia sees ruling next week on plan","",0,NEUTRAL
805,"mickelberry mbc completes sale of unit","",0,NEUTRAL
806,"fluorocarbon co fcbn 4th qtr jan 31 net","",0,NEUTRAL
807,"rostenkowski says reagan must reconsider tax rise","",0,NEUTRAL
808,"french february unemployment hits record 2.65 mln","",0,NEUTRAL
809,"treasury's baker opposes stock transaction tax","",0,NEUTRAL
810,"philips electrical sells stake in unidare","",0,NEUTRAL
811,"american medical international inc 2nd qtr shr profit 32 cts vs loss 95 cts
","loss",-1,NEGATIVE
812,"baker sees 15 to 20 billion dlr drop in trade gap","",0,NEUTRAL
813,"new generation foods ngen sells shares","",0,NEUTRAL
814,"american medical international inc ami net","",0,NEUTRAL
815,"siemens u.s. turnover to rise in current year","",0,NEUTRAL
816,"f.w. dodge reports february construction drops","",0,NEUTRAL
817,"u.k. visible trade deficit narrows in february","",0,NEUTRAL
818,"french reserves fall on debt repayment","fall, debt",-2,NEGATIVE
819,"foote mineral co in letter of intent to merge into rio tinto-zinc
","",0,NEUTRAL
820," german march cost of living 0.2 pct below year ago (feb 0.5 pct below) - official
","",0,NEUTRAL
821,"trizec corp ltd 1st qtr jan 31 net","",0,NEUTRAL
822,"braniff bair may get mexican service authority","",0,NEUTRAL
823,"boston edison co bse regular dividend","",0,NEUTRAL
824,"nippon signal issues 50 mln swiss franc notes","issues",-1,NEGATIVE
825,"german cost of living falls in march on year-ago","falls",-1,NEGATIVE
826,"british banks resist signing mexico package seek more equitable contributions - lloyds
","equitable",1,POSITIVE
827,"turkey could apply for ec membership by early may","",0,NEUTRAL
828,"british banks seek more equitable contributions on mexico package - lloyds
","equitable",1,POSITIVE
829,"foote mineral fte to merge into rio tinto","",0,NEUTRAL
830,"u.s. first time jobless claims rose in week","jobless",-1,NEGATIVE
831,"british banks resist signing mexico package","",0,NEUTRAL
832,"hong kong february trade swings into deficit","",0,NEUTRAL
833,"best products co inc 4th qtr shr 1.44 dlrs vs 83 cts
","best",1,POSITIVE
834,"generale head calls for belgian bank flexibility","flexibility",1,POSITIVE
835,"best products co bes 4th qtr jan 31 net","best",1,POSITIVE
836,"k mart km to supply home shopping network","",0,NEUTRAL
837,"bank of spain provides year record assistance funds","",0,NEUTRAL
838,"great western gwf to redeem debentures","great, redeem",2,POSITIVE
839,"china portugal initial macao pact","",0,NEUTRAL
840,"ethyl corp ey units complete acquisiton","",0,NEUTRAL
841,"jefferies is making a market in standard srd","a",1,POSITIVE
842,"colonial cabk talks with dissidents break down","dissidents, break",-2,NEGATIVE
843,"british politicians urge japan trade sanctions","",0,NEUTRAL
844,"u.k. trade figures buoy hopes of interest rate cut","",0,NEUTRAL
845,"s. korea may buy u.s. oil to aid trade balance","",0,NEUTRAL
846,"bp bp to hold new york press conference","",0,NEUTRAL
847,"u.s. treasury's mulford reaffirms g-6 pact to foster currency stability around current levels
","stability",1,POSITIVE
848,"treasury's mulford says g-6 has no currency target zones ranges
","",0,NEUTRAL
849,"german analysts see gold firming later this year","gold",1,POSITIVE
850,"essex chemical esx sells convertible debt","debt",-1,NEGATIVE
851,"u.k. money market receives 226 mln stg assistance","",0,NEUTRAL
852,"sweden revises budget forecasts","",0,NEUTRAL
853,"bank of france leaves money market intervention rate unchanged at 7-3/4 pct - official
","",0,NEUTRAL
854,"mco mco maxxam mxm holders approve merger","approve",1,POSITIVE
855,"canada details two bond auctions","",0,NEUTRAL
856,"price co pclb 2nd qtr march 15 net","",0,NEUTRAL
857,"carolian systems sees lower fiscal 1987 profit","",0,NEUTRAL
858,"bank of france buys dollars sells yen - dealers
","",0,NEUTRAL
859,"tunisia to break ties with iran","break",-1,NEGATIVE
860,"u.s treasury's mulford reaffirms g-6 agreement","",0,NEUTRAL
861,"french free market cereal export bids detailed","free",1,POSITIVE
862,"u.s. gold eagle sales projected at 3.1 mln ounces","gold",1,POSITIVE
863,"neoax noax to sell novatronics for 20 mln dlrs","",0,NEUTRAL
864,"ponce federal bank fsb pfbs raises dividend","",0,NEUTRAL
865,"foothill group fgi sees better first quarter","better",1,POSITIVE
866,"commodore cbu in pact for computer graphics","",0,NEUTRAL
867,"bank of france buys dollars sells yen - dealers","",0,NEUTRAL
868,"standard srd referring bp bp bid to group","",0,NEUTRAL
869,"mulford sees more bank loans to debtors in 1987","",0,NEUTRAL
870,"anchor glass agls now sees higher 1st qtr net","",0,NEUTRAL
871,"macneal-schwendler corp mns raises payout","",0,NEUTRAL
872,"vishay vsh completes exchange offer","",0,NEUTRAL
873,"credit lyonnais unit has australian dollar bond","",0,NEUTRAL
874,"viacom international inc via sets quarterly","",0,NEUTRAL
875,"walt disney issues 60 mln aus dlr eurobond","issues",-1,NEGATIVE
876,"u.k. money market gets 25 mln stg late help","",0,NEUTRAL
877,"iomega iomg in supply agreement","",0,NEUTRAL
878,"libya abandons chad stronghold after defeats","defeats",1,POSITIVE
879,"roy f. weston wstna distributing statement","",0,NEUTRAL
880,"phlcorp phx has breakeven results","",0,NEUTRAL
881,"marsam pharmaceuticals inc in initial offering","",0,NEUTRAL
882,"stone container sto to redeem debt","redeem, debt",0,NEUTRAL
883,"farm credit system requests u.s. credit line","",0,NEUTRAL
884,"oakwood homes oh sells convertible debentures","",0,NEUTRAL
885,"emco sets 75 mln dlr debenture offering","",0,NEUTRAL
886,"fischer-watt to sell convertible preferred","",0,NEUTRAL
887,"foote mineral to merge into rio tinto","",0,NEUTRAL
888,"aluminium scrap recovery and usage to rise","scrap, recovery",0,NEUTRAL
889,"cross and trecker ctco buys automation unit","",0,NEUTRAL
890,"salant corp slt 1st qtr feb 28 net","",0,NEUTRAL
891,"cray cyr installs 22 mln dlr computer","",0,NEUTRAL
892,"healthmate inc hmte 4th qtr loss","loss",-1,NEGATIVE
893,"keating revises down australian growth forecast","",0,NEUTRAL
894,"vicon industries vii votes staggered board","",0,NEUTRAL
895,"french stock bill to be presented before june","",0,NEUTRAL
896,"german tax cut bill to go before cabinet april 1","",0,NEUTRAL
897,"national banc of commerce co nbcc sets payout","",0,NEUTRAL
898,"harsco corp hsc sets regular payout","",0,NEUTRAL
899,"madagascar cocoa production estimated higher","",0,NEUTRAL
900,"computer associates ca sets two for one split","split",-1,NEGATIVE
901,"swiss net capital exports rise in 1986","",0,NEUTRAL
902,"st lawrence seaway opening still march 31","",0,NEUTRAL
903,"dutch grain levy test case to start in april","",0,NEUTRAL
904,"idb approves trade project loans to members","",0,NEUTRAL
905,"z-seven fund sees higher 1987 net","",0,NEUTRAL
906,"french stock bill to be presented before june","",0,NEUTRAL
907,"jaguar offers new luxury sedan","luxury",1,POSITIVE
908,"spanish refiner plans gasoline additive plant","",0,NEUTRAL
909,"wall street stocks/u.s. oil companies","",0,NEUTRAL
910,"roy f. weston inc wstna 4th qtr net","",0,NEUTRAL
911,"mobil mob to upgrade refinery unit","",0,NEUTRAL
912,"warner-lambert wla sues mason distributors","sues",-1,NEGATIVE
913,"nova novx to get bradykinin antagonist patent","antagonist",-1,NEGATIVE
914,"blockbuster bbec to acquire licensee","blockbuster",1,POSITIVE
915,"brazil soy harvest 13 pct complete - newsletter","",0,NEUTRAL
916,"contel ctc to buy walker county telephone","",0,NEUTRAL
917,"compudyne cdc sees costs from clean-up study","",0,NEUTRAL
918,"reuters to carry seaq two-way u.k. share quotes","",0,NEUTRAL
919,"mulford says g-6 wants stability","stability",1,POSITIVE
920,"symbol technologies smbl gets contract","",0,NEUTRAL
921,"thermo process tpsi completes acqusition","",0,NEUTRAL
922,"siemens raises stake in telecom plus of u.s.","",0,NEUTRAL
923,"fruehauf posts 20.3 mln dlr 1986 loss","loss",-1,NEGATIVE
924,"michigan general mgl to sell krestmark unit","",0,NEUTRAL
925,"rabbit software rabt to merge with cti data","",0,NEUTRAL
926,"comstock group inc cstk 4th qtr loss","loss",-1,NEGATIVE
927,"time tl sinking fund debentures yield 8.84 pct","sinking",-1,NEGATIVE
928,"mitsubishi unit to supply cellular telephone systems","",0,NEUTRAL
929,"u.s. senate hits ec oils tax vows retaliation","",0,NEUTRAL
930,"healthmate inc says auditors intend to qualify its financial statements
","qualify",1,POSITIVE
931,"swedish bank u.s. firm plan u.k. stock venture","",0,NEUTRAL
932,"harsco corp hsc sets quarterly","",0,NEUTRAL
933,"milastar corp mila 3rd qtr jan 31 loss","loss",-1,NEGATIVE
934,"bdm bdm getsw army contract","",0,NEUTRAL
935,"bank of boston expects 1st qtr earnings from 90 cts to 1.00 dlrs/shr vs 79 cts
","",0,NEUTRAL
936,"bank of boston bkb sees improved 1st quarter","improved",1,POSITIVE
937,"libya reportedly bought white sugar","",0,NEUTRAL
938,"usair gets approval to buy 9309394 piedmont shares in tender
","approval",1,POSITIVE
939,"fed expected to add reserves","",0,NEUTRAL
940,"wright says house budget committee on target","",0,NEUTRAL
941,"ge ge credit sues phoenix financial phfc","sues",-1,NEGATIVE
942,"dollar/yen intervention responds to pressure","",0,NEUTRAL
943,"wall street stocks/u.s. oil companies","",0,NEUTRAL
944,"mulford says germany japan have not yet lived up to international commitments
","",0,NEUTRAL
945,"oriental federal initial offering under way","",0,NEUTRAL
946,"farmers commodities to clear futures for co-ops","clear",1,POSITIVE
947,"frank b. hall fbh debt may be cut by moody's","debt",-1,NEGATIVE
948,"norcen sees improvement in 1987 earnings","improvement",1,POSITIVE
949,"cocoa council head to present buffer compromise","",0,NEUTRAL
950,"siemens rebutts u.s. criticism on cgct offer","criticism",-1,NEGATIVE
951,"mulford disappointed in newly industrialized (nics) efforts to strengthen currencies
","disappointed",-1,NEGATIVE
952,"ford f nears gm gm in executive bonuses","bonuses",1,POSITIVE
953,"mulford says germany japan should do more","",0,NEUTRAL
954,"ec grants export licences 197000 tonnes  free market maize zero barley - paris traders
","free",1,POSITIVE
955,"pier 1 imports pir declares stock split","split",-1,NEGATIVE
956,"rcm technologies rcmt order increased","",0,NEUTRAL
957,"lancer corp lacr 4th qtr net","",0,NEUTRAL
958,"thermo process tpsi wins 1.5 mln dlr contract","wins",1,POSITIVE
959,"macneal-schwendler corp mns 4th qtr jan 31 net","",0,NEUTRAL
960,"nichols institute lab 1st qtr feb 28 net","",0,NEUTRAL
961,"first medical devices corp fmdc year loss","loss",-1,NEGATIVE
962,"first medical fmdc gets order","",0,NEUTRAL
963,"healthmate hmte expects qualified opinion","qualified",1,POSITIVE
964,"bally bly names new chief financial officer","",0,NEUTRAL
965,"brazil asks 60-day extension short-term credit","",0,NEUTRAL
966,"healthmate inc hmte 4th qtr loss","loss",-1,NEGATIVE
967,"usair u cleared to buy piedmont pie shares","cleared",1,POSITIVE
968,"fed sets two billion dlr customer repurchase fed says
","",0,NEUTRAL
969,"house of fabrics inc hf 4th qtr jan 31 net","",0,NEUTRAL
970,"german retailers expect good 1987","good",1,POSITIVE
971,"german wage round said to limit monetary options","limit",-1,NEGATIVE
972,"foreign firms hope to join japan telecom company","",0,NEUTRAL
973,"siemens raises stake in telecom plus of u.s.","",0,NEUTRAL
974,"first interstate seeks acquisition","",0,NEUTRAL
975,"atlantic research atrc wins motor contract","wins",1,POSITIVE
976,"thomas and betts tnb files patent suit","",0,NEUTRAL
977,"house of fabrics hf sees results improving","improving",1,POSITIVE
978,"u.s. senate hits ec oils tax vows retaliation","",0,NEUTRAL
979,"crop genetics initial offering underway","",0,NEUTRAL
980,"kodak ek buys stake in biotechnology company","",0,NEUTRAL
981,"avery avy 1st qtr feb 28 net","",0,NEUTRAL
982,"ford f credit unit sells new zealand dlr frns","",0,NEUTRAL
983,"ionics ion wins 20-year desalination contract","wins",1,POSITIVE
984,"fed sets two billion dlr customer repurchase","",0,NEUTRAL
985,"senate seeks u.s. probe of canadian corn levy","",0,NEUTRAL
986,"ricoh reorganizes u.s. units","",0,NEUTRAL
987,"united water uwr base ten base set venture","",0,NEUTRAL
988,"knight-ridder inc krn sets quarterly","",0,NEUTRAL
989,"technitrol inc tnl sets quarterly","",0,NEUTRAL
990,"nationwide cellular service inc ncel 4th qtr","",0,NEUTRAL
991,"a.h.a. automotive technologies corp year net","",0,NEUTRAL
992,"brazil suggests 60-day short-term credit extension","",0,NEUTRAL
993,"emhart emh wins four communications contracts","wins",1,POSITIVE
994,"fluor flr and units downgraded by s/p","",0,NEUTRAL
995,"brunswick corp bc sells notes at 8.199 pct","",0,NEUTRAL
996,"rogers rog sees 1st qtr net up significantly","",0,NEUTRAL
